{
	"IcoMoonType": "selection",
	"icons": [
		{
			"icon": {
				"paths": [
					"M292.571 658.286q0-20.571-11.429-39.429-0.571-0.571-8.857-12.857t-14.571-21.714-14.286-25.143-12-28.857q-2.286-9.143-12-9.143t-12 9.143q-4 13.143-12 28.857t-14.286 25.143-14.571 21.714-8.857 12.857q-11.429 18.857-11.429 39.429 0 30.286 21.429 51.714t51.714 21.429 51.714-21.429 21.429-51.714zM585.143 585.143q0 121.143-85.714 206.857t-206.857 85.714-206.857-85.714-85.714-206.857q0-82.857 46.286-157.143 3.429-5.143 35.714-51.714t57.714-86.286 56.857-101.714 47.429-115.143q5.143-17.143 19.429-26.857t29.143-9.714 29.429 9.714 19.143 26.857q16 53.143 47.429 115.143t56.857 101.714 57.714 86.286 35.714 51.714q46.286 72.571 46.286 157.143z"
				],
				"width": 585.1460418701172,
				"attrs": [],
				"isMulticolor": false,
				"tags": [
					"tint"
				],
				"defaultCode": 61507,
				"grid": 14
			},
			"attrs": [],
			"properties": {
				"name": "tint",
				"id": 63,
				"order": 3,
				"prevSize": 28,
				"code": 61507
			},
			"setIdx": 0,
			"setId": 0,
			"iconIdx": 63
		},
		{
			"icon": {
				"paths": [
					"M786.286 512l78.857 77.143q17.143 16 11.429 40-6.857 23.429-29.714 29.143l-107.429 27.429 30.286 106.286q6.857 23.429-10.857 40-16.571 17.714-40 10.857l-106.286-30.286-27.429 107.429q-5.714 22.857-29.143 29.714-6.857 1.143-10.857 1.143-17.714 0-29.143-12.571l-77.143-78.857-77.143 78.857q-16 17.143-40 11.429-23.429-6.286-29.143-29.714l-27.429-107.429-106.286 30.286q-23.429 6.857-40-10.857-17.714-16.571-10.857-40l30.286-106.286-107.429-27.429q-22.857-5.714-29.714-29.143-5.714-24 11.429-40l78.857-77.143-78.857-77.143q-17.143-16-11.429-40 6.857-23.429 29.714-29.143l107.429-27.429-30.286-106.286q-6.857-23.429 10.857-40 16.571-17.714 40-10.857l106.286 30.286 27.429-107.429q5.714-23.429 29.143-29.143 23.429-6.857 40 10.857l77.143 79.429 77.143-79.429q16.571-17.143 40-10.857 23.429 5.714 29.143 29.143l27.429 107.429 106.286-30.286q23.429-6.857 40 10.857 17.714 16.571 10.857 40l-30.286 106.286 107.429 27.429q22.857 5.714 29.714 29.143 5.714 24-11.429 40z"
				],
				"width": 877.713939666748,
				"attrs": [],
				"isMulticolor": false,
				"tags": [
					"certificate"
				],
				"defaultCode": 61603,
				"grid": 14
			},
			"attrs": [],
			"properties": {
				"name": "certificate",
				"id": 153,
				"order": 5,
				"prevSize": 28,
				"code": 61603
			},
			"setIdx": 0,
			"setId": 0,
			"iconIdx": 153
		},
		{
			"icon": {
				"paths": [
					"M1097.143 658.286q0 90.857-64.286 155.143t-155.143 64.286h-621.714q-105.714 0-180.857-75.143t-75.143-180.857q0-75.429 40.571-138t106.857-93.429q-1.143-16-1.143-24.571 0-121.143 85.714-206.857t206.857-85.714q90.286 0 163.714 50.286t107.143 131.429q40-35.429 94.857-35.429 60.571 0 103.429 42.857t42.857 103.429q0 42.857-23.429 78.857 73.714 17.143 121.714 76.857t48 136.857z"
				],
				"width": 1097.1429443359375,
				"attrs": [],
				"isMulticolor": false,
				"tags": [
					"cloud"
				],
				"defaultCode": 61634,
				"grid": 14
			},
			"attrs": [],
			"properties": {
				"name": "cloud",
				"id": 170,
				"order": 2,
				"prevSize": 28,
				"code": 61634
			},
			"setIdx": 0,
			"setId": 0,
			"iconIdx": 170
		},
		{
			"icon": {
				"paths": [
					"M505.714 323.429q10.286 11.429 4 25.143l-308.571 661.143q-7.429 14.286-24 14.286-2.286 0-8-1.143-9.714-2.857-14.571-10.857t-2.571-17.143l112.571-461.714-232 57.714q-2.286 0.571-6.857 0.571-10.286 0-17.714-6.286-10.286-8.571-7.429-22.286l114.857-471.429q2.286-8 9.143-13.143t16-5.143h187.429q10.857 0 18.286 7.143t7.429 16.857q0 4.571-2.857 10.286l-97.714 264.571 226.286-56q4.571-1.143 6.857-1.143 10.857 0 19.429 8.571z"
				],
				"width": 513.7149524688721,
				"attrs": [],
				"isMulticolor": false,
				"tags": [
					"bolt",
					"flash"
				],
				"defaultCode": 61671,
				"grid": 14
			},
			"attrs": [],
			"properties": {
				"name": "bolt, flash",
				"id": 205,
				"order": 4,
				"prevSize": 28,
				"code": 61671
			},
			"setIdx": 0,
			"setId": 0,
			"iconIdx": 205
		},
		{
			"icon": {
				"paths": [
					"M841.143 512q0-66.857-26-127.714t-70.286-105.143-105.143-70.286-127.714-26-127.714 26-105.143 70.286-70.286 105.143-26 127.714 26 127.714 70.286 105.143 105.143 70.286 127.714 26 127.714-26 105.143-70.286 70.286-105.143 26-127.714zM998.857 670.286q-2.286 8.571-11.429 11.429l-166.857 54.857v174.857q0 9.143-7.429 14.857-8.571 5.714-16.571 2.286l-166.857-53.714-102.857 141.714q-5.714 7.429-14.857 7.429t-14.857-7.429l-102.857-141.714-166.857 53.714q-8 3.429-16.571-2.286-7.429-5.714-7.429-14.857v-174.857l-166.857-54.857q-9.143-2.857-11.429-11.429-2.857-9.714 2.286-16.571l102.857-141.714-102.857-141.714q-5.143-7.429-2.286-16.571 2.286-8.571 11.429-11.429l166.857-54.857v-174.857q0-9.143 7.429-14.857 8.571-5.714 16.571-2.286l166.857 53.714 102.857-141.714q5.143-6.857 14.857-6.857t14.857 6.857l102.857 141.714 166.857-53.714q8-3.429 16.571 2.286 7.429 5.714 7.429 14.857v174.857l166.857 54.857q9.143 2.857 11.429 11.429 2.857 9.143-2.286 16.571l-102.857 141.714 102.857 141.714q5.143 6.857 2.286 16.571z"
				],
				"width": 1024.0000190734863,
				"attrs": [],
				"isMulticolor": false,
				"tags": [
					"sun-o"
				],
				"defaultCode": 61829,
				"grid": 14
			},
			"attrs": [],
			"properties": {
				"name": "sun-o",
				"id": 351,
				"order": 1,
				"prevSize": 28,
				"code": 61829
			},
			"setIdx": 0,
			"setId": 0,
			"iconIdx": 351
		}
	],
	"height": 1024,
	"metadata": {
		"name": "weather"
	},
	"preferences": {
		"showGlyphs": true,
		"showCodes": true,
		"showQuickUse": true,
		"showQuickUse2": true,
		"showSVGs": true,
		"fontPref": {
			"prefix": "wt-",
			"metadata": {
				"fontFamily": "weather",
				"majorVersion": 1,
				"minorVersion": 0
			},
			"metrics": {
				"emSize": 1024,
				"baseline": 6.25,
				"whitespace": 50
			},
			"embed": false,
			"showSelector": true
		},
		"imagePref": {
			"prefix": "icon-",
			"png": true,
			"useClassSelector": true,
			"color": 0,
			"bgColor": 16777215
		},
		"historySize": 100
	}
}